대분류,중분류,소분류,세분류,상품코드(다나와),상품명,브랜드,최저가,등록월,상품상태,가격이력수,스펙요약
컴퓨터/노트북/조립PC,노트북,게이밍 노트북,ASUS ROG/TUF,90891410,ASUS ROG 제피러스 G14 GA403UM-QS018W (SSD 1TB),ASUS,2549000,2025.05.,판매중,9,노트북 / 35.56cm(14인치) / 1.5kg / 윈도우11홈 / [화면]해상도:2880x1800(WQXGA+)
컴퓨터/노트북/조립PC,노트북,게이밍 노트북,ASUS ROG/TUF,88010246,ASUS ROG STRIX G16 G614FR-S5122 32GB램 (SSD 1TB),ASUS,3116960,2025.04.,판매중,24,
컴퓨터/노트북/조립PC,노트북,게이밍 노트북,ASUS ROG/TUF,81062753,ASUS ROG STRIX G16 G614FR-S5122 (SSD 1TB),ASUS,3149000,2025.04.,판매중,10,노트북 / 40.6cm(16인치) / 2.5kg / OS미포함(프리도스) / [화면]해상도:2560x1600(WQXGA)
컴퓨터/노트북/조립PC,노트북,게이밍 노트북,ASUS ROG/TUF,77088449,ASUS ROG STRIX G16 G615LW-S5027 (SSD 1TB),ASUS,3858900,2025.03.,판매중,11,노트북 / 40.6cm(16인치) / 2.73kg / OS미포함(프리도스) / [화면]해상도:2560x1600(WQXGA)
컴퓨터/노트북/조립PC,노트북,게이밍 노트북,ASUS ROG/TUF,81062438,ASUS ROG STRIX G18 G815LR-S9199 (SSD 1TB),ASUS,3699000,2025.04.,판매중,10,노트북 / 45.72cm(18인치) / 3.42kg / OS미포함(프리도스) / [화면]해상도:2560x1600(WQXGA)
컴퓨터/노트북/조립PC,노트북,게이밍 노트북,ASUS ROG/TUF,93383075,ASUS TUF Gaming A14 FA401KM-RG006 (SSD 1TB),ASUS,1983900,2025.07.,판매중,7,AI노트북 / 35.56cm(14인치) / 1.46kg / OS미포함(프리도스) / [화면]해상도:2560x1600(WQXGA)
컴퓨터/노트북/조립PC,노트북,게이밍 노트북,ASUS ROG/TUF,92886116,ASUS TUF Gaming A14 FA401UM-RG007 (SSD 512GB),ASUS,1749000,2025.06.,판매중,8,노트북 / 35.56cm(14인치) / 1.46kg / OS미포함(프리도스) / [화면]해상도:2560x1600(WQXGA)
컴퓨터/노트북/조립PC,노트북,게이밍 노트북,ASUS ROG/TUF,93440768,ASUS TUF Gaming A14 FA401UM-RG007 WIN11 (SSD 512GB),ASUS,1800000,2025.06.,판매중,7,노트북 / 35.56cm(14인치) / 1.46kg / 윈도우11(설치) / [화면]해상도:2560x1600(WQXGA)
컴퓨터/노트북/조립PC,노트북,게이밍 노트북,ASUS ROG/TUF,92366540,ASUS TUF Gaming A18 FA808UP-S8017 (SSD 512GB),ASUS,1851910,2025.06.,판매중,24,
컴퓨터/노트북/조립PC,노트북,게이밍 노트북,ASUS ROG/TUF,92366864,ASUS TUF Gaming A18 FA808UP-S8017 WIN11 64GB램 (SSD 512GB),ASUS,2507340,2025.06.,판매중,8,노트북 / 45.72cm(18인치) / 2.6kg / 윈도우11(설치) / [화면]해상도:1920x1200(WUXGA)
컴퓨터/노트북/조립PC,노트북,게이밍 노트북,레노버 Legion,96979904,레노버 LEGION 5 15AHP10 83M0000PKR (SSD 512GB),레노버,1997000,2025.09.,판매중,5,노트북 / 38.35cm(15.1인치) / 1.9kg / OS미포함(프리도스) / [화면]해상도:2560x1600(WQXGA)
컴퓨터/노트북/조립PC,노트북,게이밍 노트북,레노버 Legion,96856619,레노버 LEGION 5 15AKP10 83F1001WKR (SSD 1TB),레노버,2399000,2025.08.,판매중,5,AI노트북 / 38.35cm(15.1인치) / 2kg / OS미포함(프리도스) / [화면]해상도:2560x1600(WQXGA)
컴퓨터/노트북/조립PC,노트북,게이밍 노트북,레노버 Legion,92545097,레노버 LEGION Pro 5 16IAX10H U9 5070Ti Plus (SSD 1TB),레노버,3199000,2025.06.,판매중,8,노트북 / 40.6cm(16인치) / 2.42kg / OS미포함(프리도스) / [화면]해상도:2560x1600(WQXGA)
컴퓨터/노트북/조립PC,노트북,게이밍 노트북,MSI,74053658,MSI GF시리즈 Sword GF76 B13UDXK WIN11 32GB램 (SSD 512GB),MSI,1349000,2025.01.,판매중,24,
컴퓨터/노트북/조립PC,노트북,삼성 갤럭시북,갤럭시북 프로,73614713,삼성전자 갤럭시북5 프로 NT940XHA-K51A (SSD 256GB),삼성전자,1968000,2025.01.,판매중,13,AI노트북 / 35.6cm(14인치) / 1.23kg / 최대 21시간 / 윈도우11홈
컴퓨터/노트북/조립PC,노트북,삼성 갤럭시북,갤럭시북 프로,72475073,삼성전자 갤럭시북5 프로 NT940XHA-K71AR (SSD 512GB),삼성전자,2260000,2025.01.,판매중,24,
컴퓨터/노트북/조립PC,노트북,삼성 갤럭시북,갤럭시북 프로,72474794,삼성전자 갤럭시북5 프로 NT940XHA-KC51G (SSD 512GB),삼성전자,1848090,2025.01.,판매중,24,
컴퓨터/노트북/조립PC,노트북,삼성 갤럭시북,갤럭시북 프로360,19133657,삼성전자 갤럭시북3 프로360 NT960QFG-KD72G (SSD 1TB),삼성전자,1798000,2023.02.,판매중,23,2in1 / 40.6cm(16인치) / 1.66kg / 최대 19시간 / 윈도우11홈
컴퓨터/노트북/조립PC,노트북,삼성 갤럭시북,갤럭시북 프로360,31643555,삼성전자 갤럭시북4 프로360 NT960QGK-K71AR (SSD 1TB),삼성전자,2099000,2024.01.,판매중,24,
컴퓨터/노트북/조립PC,노트북,삼성 갤럭시북,갤럭시북 프로360,31359119,삼성전자 갤럭시북4 프로360 NT960QGK-K71A (SSD 512GB),삼성전자,1989900,2024.01.,판매중,24,
컴퓨터/노트북/조립PC,노트북,삼성 갤럭시북,갤럭시북 프로360,32845199,삼성전자 갤럭시북4 프로360 NT960QGK-KD72G (SSD 1TB),삼성전자,2429000,2024.01.,판매중,24,
컴퓨터/노트북/조립PC,노트북,삼성 갤럭시북,갤럭시북 프로360,31647305,삼성전자 갤럭시북4 프로360 NT960QGK-KH51G (SSD 512GB),삼성전자,1899000,2024.01.,판매중,24,
컴퓨터/노트북/조립PC,노트북,삼성 갤럭시북,갤럭시북 프로360,68686217,삼성전자 갤럭시북5 프로360 NT960QHA-KC51G (SSD 512GB),삼성전자,2033240,2024.11.,판매중,15,AI노트북 / 40.6cm(16인치) / 1.69kg / 윈도우11홈 / [화면]해상도:2880x1800(WQXGA+)
컴퓨터/노트북/조립PC,노트북,삼성 갤럭시북,갤럭시북4,76464584,삼성전자 갤럭시북4 360 NT750QGK-K51A (SSD 256GB),삼성전자,1547990,2025.02.,판매중,24,
컴퓨터/노트북/조립PC,노트북,삼성 갤럭시북,갤럭시북4,44762393,삼성전자 갤럭시북4 NT750XGR-A51A (SSD 256GB),삼성전자,1044050,2024.03.,판매중,22,노트북 / 39.6cm(15.6인치) / 1.55kg / OS미포함(프리도스) / [화면]해상도:1920x1080(FHD)
컴퓨터/노트북/조립PC,노트북,삼성 갤럭시북,갤럭시북4,44762513,삼성전자 갤럭시북4 NT750XGR-A51A WIN11 (SSD 256GB),삼성전자,1071020,2024.03.,판매중,22,노트북 / 39.6cm(15.6인치) / 1.55kg / 윈도우11(설치) / [화면]해상도:1920x1080(FHD)
컴퓨터/노트북/조립PC,노트북,삼성 갤럭시북,갤럭시북4,43522826,삼성전자 갤럭시북4 NT750XGR-A71A (SSD 512GB),삼성전자,1298990,2024.03.,판매중,22,노트북 / 39.6cm(15.6인치) / 1.55kg / OS미포함(프리도스) / [화면]해상도:1920x1080(FHD)
컴퓨터/노트북/조립PC,노트북,삼성 갤럭시북,갤럭시북5,93632033,삼성전자 갤럭시북5 NT750XHD-KC51G (SSD 512GB),삼성전자,1426490,2025.07.,판매중,7,노트북 / 39.6cm(15.6인치) / 1.55kg / 최대 19시간 / 윈도우11홈
컴퓨터/노트북/조립PC,노트북,삼성 갤럭시북,갤럭시북5,93632051,삼성전자 갤럭시북5 NT750XHD-KC51S (SSD 512GB),삼성전자,1426490,2025.07.,판매중,7,노트북 / 39.6cm(15.6인치) / 1.55kg / 최대 19시간 / 윈도우11홈
컴퓨터/노트북/조립PC,노트북,LG 그램,그램 14,74008352,LG전자 2025 그램14 14Z90T-GA5CK (SSD 256GB),LG전자,1493570,2025.01.,판매중,24,
컴퓨터/노트북/조립PC,노트북,LG 그램,그램 14,103448942,LG전자 2026 그램14 14ZD95U-GX56K (SSD 256GB),LG전자,1504300,2026.01.,판매중,1,AI노트북 / 35.5cm(14인치) / 1.12kg / 최대 28시간 / OS미포함(프리도스)
컴퓨터/노트북/조립PC,노트북,LG 그램,그램 15,79406249,LG전자 그램15 15ZD80T-GX56K (SSD 256GB),LG전자,1390000,2025.04.,판매중,10,AI노트북 / 39.6cm(15.6인치) / 1.29kg / 최대 27시간 / OS미포함(프리도스)
컴퓨터/노트북/조립PC,노트북,LG 그램,그램 15,79554701,LG전자 그램15 15ZD80T-GX79K (SSD 512GB),LG전자,1721290,2025.04.,판매중,10,AI노트북 / 39.6cm(15.6인치) / 1.29kg / 최대 27시간 / OS미포함(프리도스)
컴퓨터/노트북/조립PC,노트북,LG 그램,그램 15,103414757,LG전자 그램북 15UD50U-GX5JK (SSD 256GB),LG전자,859130,2026.01.,판매중,24,
컴퓨터/노트북/조립PC,노트북,LG 그램,그램 15,32486600,LG전자 2024 그램15 15Z90S-GA5PK (SSD 256GB),LG전자,1363090,2024.01.,판매중,24,
컴퓨터/노트북/조립PC,노트북,LG 그램,그램 15,74011034,LG전자 2025 그램15 15Z90T-GA5HK (SSD 512GB),LG전자,1638920,2025.01.,판매중,24,
컴퓨터/노트북/조립PC,노트북,LG 그램,그램 15,103451750,LG전자 2026 그램15 15ZD95U-GX56K (SSD 256GB),LG전자,1609340,2026.01.,판매중,1,AI노트북 / 39.6cm(15.6인치) / 1.29kg / 최대 32시간 / OS미포함(프리도스)
컴퓨터/노트북/조립PC,노트북,LG 그램,그램 16,77855843,LG전자 그램16 16Z90S-GA5VK (SSD 256GB),LG전자,1425990,2025.03.,판매중,11,노트북 / 40.6cm(16인치) / 1.199kg / 최대 24시간 / 윈도우11홈
컴퓨터/노트북/조립PC,노트북,LG 그램,그램 16,95420702,LG전자 그램 프로16 16Z90TR-ED7WK (SSD 1TB),LG전자,2974420,2025.08.,판매중,6,노트북 / 40.6cm(16인치) / 1.36kg / 최대 27시간 / 윈도우11홈
컴퓨터/노트북/조립PC,노트북,LG 그램,그램 16,79250081,LG전자 2024 그램16 16ZD90SU-GXF6K WIN11 16GB램 (SSD 256GB),LG전자,1378910,2025.02.,판매중,24,
컴퓨터/노트북/조립PC,노트북,LG 그램,그램 16,74007269,LG전자 2025 그램 프로16 16Z90TP-GA5CK (SSD 256GB),LG전자,1644930,2025.01.,판매중,13,노트북 / 40.6cm(16인치) / 1.199kg / 최대 23.5시간 / 윈도우11홈
컴퓨터/노트북/조립PC,노트북,LG 그램,그램 16,74007302,LG전자 2025 그램 프로16 16Z90TP-GA5HK (SSD 512GB),LG전자,1788400,2025.01.,판매중,13,노트북 / 40.6cm(16인치) / 1.199kg / 최대 23.5시간 / 윈도우11홈
컴퓨터/노트북/조립PC,노트북,LG 그램,그램 16,74007554,LG전자 2025 그램 프로16 16Z90TP-KD7WK (SSD 1TB),LG전자,2448980,2025.01.,판매중,13,노트북 / 40.6cm(16인치) / 1.199kg / 최대 19.5시간 / 윈도우11홈
컴퓨터/노트북/조립PC,노트북,LG 그램,그램 16,75655376,LG전자 2025 그램 프로16 16Z90TR-SD7WK (SSD 1TB),LG전자,2685590,2025.02.,판매중,12,노트북 / 40.6cm(16인치) / 1.36kg / 윈도우11홈 / [화면]해상도:2560x1600(WQXGA)
컴퓨터/노트북/조립PC,노트북,LG 그램,그램 16,78528251,LG전자 2025 그램 프로16 16Z90TS-GS5CK (SSD 256GB),LG전자,1613670,2025.03.,판매중,11,AI노트북 / 40.6cm(16인치) / 1.199kg / 최대 25.5시간 / 윈도우11홈
컴퓨터/노트북/조립PC,노트북,LG 그램,그램 16,74054771,LG전자 2025 그램 프로16 16ZD90TP-GX56K (SSD 256GB),LG전자,1558990,2025.01.,판매중,24,
컴퓨터/노트북/조립PC,노트북,LG 그램,그램 16,75072152,LG전자 2025 그램 프로16 16ZD90TP-GX56K WIN11 (SSD 256GB),LG전자,1598210,2025.01.,판매중,24,
컴퓨터/노트북/조립PC,노트북,LG 그램,그램 16,74007734,LG전자 2025 그램 프로360 16T90TP-GA5BK (SSD 512GB),LG전자,1877750,2025.01.,판매중,24,
컴퓨터/노트북/조립PC,노트북,LG 그램,그램 16,74007701,LG전자 2025 그램 프로360 16T90TP-GA5CK (SSD 256GB),LG전자,1785580,2025.01.,판매중,24,
컴퓨터/노트북/조립PC,노트북,LG 그램,그램 16,74007722,LG전자 2025 그램 프로360 16T90TP-GA5HK (SSD 512GB),LG전자,1864980,2025.01.,판매중,24,
컴퓨터/노트북/조립PC,노트북,LG 그램,그램 16,74051627,LG전자 2025 그램 프로360 16T90TP-GD79K (SSD 512GB),LG전자,2459980,2025.01.,판매중,24,
컴퓨터/노트북/조립PC,노트북,LG 그램,그램 16,74007752,LG전자 2025 그램 프로360 16T90TP-GD7BK (SSD 1TB),LG전자,2697150,2025.01.,판매중,24,
컴퓨터/노트북/조립PC,노트북,LG 그램,그램 16,74055050,LG전자 2025 그램 프로360 16TD90TP-GX56K (SSD 256GB),LG전자,1838000,2025.01.,판매중,24,
컴퓨터/노트북/조립PC,노트북,LG 그램,그램 16,74887790,LG전자 2025 그램 프로360 16TD90TP-GX56K WIN11 (SSD 256GB),LG전자,1784940,2025.01.,판매중,24,
컴퓨터/노트북/조립PC,노트북,LG 그램,그램 16,74051594,LG전자 2025 그램 프로360 16TD90TP-GX76K (SSD 256GB),LG전자,1980490,2025.01.,판매중,24,
컴퓨터/노트북/조립PC,노트북,LG 그램,그램 16,74915456,LG전자 2025 그램 프로360 16TD90TP-GX76K WIN11 (SSD 256GB),LG전자,2008550,2025.01.,판매중,24,
컴퓨터/노트북/조립PC,노트북,LG 그램,그램 16,103453775,LG전자 2026 그램 프로16 16Z90U-KU7BK (SSD 512GB),LG전자,2776790,2026.01.,판매중,24,
컴퓨터/노트북/조립PC,노트북,LG 그램,그램 16,103451483,LG전자 2026 그램 프로16 16Z95U-GS5WK (SSD 512GB),LG전자,2001350,2026.01.,판매중,1,AI노트북 / 40.6cm(16인치) / 1.199kg / 최대 27시간 / 윈도우11홈
컴퓨터/노트북/조립PC,노트북,LG 그램,그램 16,103415900,LG전자 2026 그램 프로360 16T95TP-KA5WK (SSD 512GB),LG전자,2365060,2026.01.,판매중,24,
컴퓨터/노트북/조립PC,노트북,LG 그램,그램 16,103481294,LG전자 2026 그램 프로360 16T95TP-K.AA50K (SSD 512GB),LG전자,2490000,2026.01.,판매중,24,
컴퓨터/노트북/조립PC,노트북,LG 그램,그램 16,103415873,LG전자 2026 그램 프로360 16T95TP-KD79K (SSD 512GB),LG전자,2593990,2026.01.,판매중,24,
컴퓨터/노트북/조립PC,노트북,LG 그램,그램 16,103415702,LG전자 2026 그램 프로360 16T95TP-KD7BK (SSD 1TB),LG전자,2894160,2026.01.,판매중,24,
컴퓨터/노트북/조립PC,노트북,LG 그램,그램 16,93380312,LG전자 그램 프로360 16T90SP-GP7KL (SSD 512GB),LG전자,1737470,2024.08.,판매중,24,
컴퓨터/노트북/조립PC,노트북,LG 그램,그램 16,43535177,LG전자 그램 프로360 16T90SP-KA5BK (SSD 512GB),LG전자,1758990,2024.03.,판매중,24,
컴퓨터/노트북/조립PC,노트북,LG 그램,그램 16,31680566,LG전자 그램 프로360 16T90SP-KD79K (SSD 512GB),LG전자,2399000,2024.01.,판매중,24,
컴퓨터/노트북/조립PC,노트북,LG 그램,그램 16,31680728,LG전자 그램 프로360 16TD90SP-KX56K (SSD 256GB),LG전자,1599000,2024.01.,판매중,24,
컴퓨터/노트북/조립PC,노트북,LG 그램,그램 16,31681571,LG전자 그램 프로360 16TD90SP-KX76K (SSD 256GB),LG전자,1699000,2024.01.,판매중,24,
컴퓨터/노트북/조립PC,노트북,LG 그램,그램 16,39341603,LG전자 그램 프로360 16TD90SP-KX76K WIN11 (SSD 256GB),LG전자,1699000,2024.03.,판매중,24,
컴퓨터/노트북/조립PC,노트북,LG 그램,그램 17,77855861,LG전자 그램17 17Z90S-GA5VK (SSD 256GB),LG전자,1519990,2025.03.,판매중,24,
컴퓨터/노트북/조립PC,노트북,LG 그램,그램 17,103449641,LG전자 그램 프로17 17Z90TR-ED79K (SSD 512GB),LG전자,3251000,2026.01.,판매중,1,노트북 / 43.1cm(17인치) / 1.48kg / 최대 25시간 / 윈도우11홈
컴퓨터/노트북/조립PC,노트북,LG 그램,그램 17,75855008,LG전자 2024 그램17 17ZD90SU-GXF6K (SSD 256GB),LG전자,1339000,2025.02.,판매중,24,
컴퓨터/노트북/조립PC,노트북,LG 그램,그램 17,74007608,LG전자 2025 그램 프로17 17Z90TP-GA5CK (SSD 256GB),LG전자,1731310,2025.01.,판매중,13,노트북 / 43.1cm(17인치) / 1.369kg / 최대 25.5시간 / 윈도우11홈
컴퓨터/노트북/조립PC,노트북,LG 그램,그램 17,74054924,LG전자 2025 그램 프로17 17ZD90TP-GX56K (SSD 256GB),LG전자,1761010,2025.01.,판매중,13,노트북 / 43.1cm(17인치) / 1.369kg / 최대 25.5시간 / OS미포함(프리도스)
컴퓨터/노트북/조립PC,노트북,LG 그램,그램 17,74051195,LG전자 2025 그램 프로17 17ZD90TP-GX79K (SSD 256GB),LG전자,2287780,2025.01.,판매중,24,
컴퓨터/노트북/조립PC,데스크탑,브랜드PC,삼성,47489429,"삼성전자 올인원 PRO DM970AGA-L51A (16GB, M.2 256GB)",삼성전자,1797320,2024.04.,판매중,22,125H / Arc 그래픽스 / 윈도우11 / 인텔 / 코어울트라 시리즈1
컴퓨터/노트북/조립PC,데스크탑,브랜드PC,삼성,47522042,"삼성전자 올인원 PRO DM970AGA-LC51G (16GB, M.2 512GB)",삼성전자,1829280,2024.04.,판매중,22,125H / Arc 그래픽스 / 윈도우11 / 인텔 / 코어울트라 시리즈1
컴퓨터/노트북/조립PC,데스크탑,브랜드PC,삼성,94088045,"삼성전자 데스크탑 Slim DM500SHA-AC51B (16GB, M.2 512GB)",삼성전자,1410000,2025.07.,판매중,7,225 / 인텔 그래픽스 / (인텔) B860 / 윈도우11 / 300W
컴퓨터/노트북/조립PC,데스크탑,브랜드PC,삼성,58103162,"삼성전자 데스크탑 Tower DM500TGZ-AD5A Win11Pro (8GB, M.2 256GB)",삼성전자,1341000,2024.04.,판매중,19,i5-14400 / UHD 730 / 윈도우11 프로 / 500W / 인텔
컴퓨터/노트북/조립PC,데스크탑,브랜드PC,삼성,48370895,"삼성전자 데스크탑 Tower DM500TGZ-AD7A (8GB, M.2 256GB)",삼성전자,1497880,2024.04.,판매중,22,i7-14700 / UHD 770 / (인텔) H670 / OS미포함 / 500W
컴퓨터/노트북/조립PC,데스크탑,브랜드PC,삼성,60308063,"삼성전자 데스크탑 Tower DM500TGZ-AD7A Win11Pro (8GB, M.2 256GB)",삼성전자,1398000,2024.04.,판매중,24,
컴퓨터/노트북/조립PC,데스크탑,브랜드PC,삼성,89862923,"삼성전자 데스크탑 Tower DM500TGZ-AI9S2ST-RTX5060Ti 16GB-WIN11 (16GB, M.2 2TB + HDD 2TB)",삼성전자,3228000,2024.04.,판매중,9,i9-14900 / RTX 5060 Ti / 윈도우11 프로 / 700W / 인텔
컴퓨터/노트북/조립PC,데스크탑,브랜드PC,삼성,94086872,"삼성전자 데스크탑 Tower DM500THA-AC51B (16GB, M.2 512GB)",삼성전자,1491600,2025.07.,판매중,7,225 / 인텔 그래픽스 / (인텔) B860 / 윈도우11 / 500W
컴퓨터/노트북/조립PC,데스크탑,브랜드PC,레노버,99734597,"레노버 아이디어센터 AIO 27AKP10 F0JE000UKR (16GB, M.2 512GB)",레노버,999000,2025.10.,판매중,24,
컴퓨터/노트북/조립PC,데스크탑,브랜드PC,레노버,49644206,"레노버 LOQ Tower 17IRB-I514S51T-WIN11 (8GB, M.2 512GB + HDD 1TB)",레노버,998190,2023.03.,판매중,22,i5-14400 / UHD 그래픽스 730 / (인텔) B760 / 윈도우11 프로 / 500W
컴퓨터/노트북/조립PC,데스크탑,브랜드PC,레노버,78096428,"레노버 씽크센터 M70t Gen 5 12U0S08600 Win11Pro (8GB, M.2 512GB)",레노버,1108960,2024.10.,판매중,11,i5-14400 / UHD 그래픽스 730 / (인텔) Q670 / 윈도우11 프로 / 380W
컴퓨터/노트북/조립PC,데스크탑,브랜드PC,레노버,99732686,"레노버 씽크센터 neo 50q Gen 5 13B9S03H00 (8GB, M.2 256GB)",레노버,644080,2025.10.,판매중,3,210H / 인텔 그래픽스 / OS미포함 / 인텔 / 코어울트라 시리즈2
컴퓨터/노트북/조립PC,데스크탑,브랜드PC,레노버,102619217,"레노버 씽크센터 neo 50q Gen 5 13B9S08900 Win11Pro (8GB, M.2 256GB)",레노버,595000,2025.10.,판매중,2,i5-13420H / 인텔 그래픽스 / 윈도우11 프로 / 90W / 인텔
컴퓨터/노트북/조립PC,데스크탑,브랜드PC,레노버,102754844,"레노버 씽크센터 NEO 50T GEN4-12JDS06-I55S Win11Pro (16GB, M.2 512GB)",레노버,946590,2024.05.,판매중,2,i5-13400 / UHD 730 / (인텔) B760 / 윈도우11 프로 / 260W
컴퓨터/노트북/조립PC,데스크탑,브랜드PC,레노버,74056055,"레노버 아이디어센터 Tower 08IRR9 90XS002CKA (8GB, M.2 256GB)",레노버,696570,2025.01.,판매중,13,i5-14400 / UHD 730 / (인텔) B760 / OS미포함 / 260W
컴퓨터/노트북/조립PC,데스크탑,브랜드PC,기타 브랜드,54315953,"영웅컴퓨터 영웅 울트라게이밍 007 R7 7800X3D RTX5070Ti (32GB, M.2 1TB)",영웅컴퓨터,2929810,2024.05.,판매중,21,7800X3D / RTX 5070 Ti / (AMD) B650 / OS미포함 / 800W
컴퓨터/노트북/조립PC,데스크탑,브랜드PC,기타 브랜드,99738305,"이그닉 에어5 4500U Win11 IG-PIC00001 (8GB, M.2 256GB)",이그닉,439000,2025.10.,판매중,3,4500U / 그래픽스 6 / 윈도우11 / AMD / 라이젠 4000시리즈
컴퓨터/노트북/조립PC,데스크탑,브랜드PC,기타 브랜드,66039917,"주연테크 긱스타 55GT02 (16GB, M.2 512GB)",주연테크,663870,2024.09.,판매중,17,5500GT / 그래픽스 7 / (AMD) B450 / OS미포함 / 500W
컴퓨터/노트북/조립PC,데스크탑,브랜드PC,기타 브랜드,94566242,"모맨 겜덕피시 게이밍 7500F RTX5060 (32GB, M.2 1TB)",모맨,1980000,2025.07.,판매중,7,7500F / RTX 5060 / (AMD) A620 / OS미포함 / 600W
컴퓨터/노트북/조립PC,데스크탑,브랜드PC,기타 브랜드,29402825,"피씨스토어 베스트 게이밍 7500F RTX5060 700W (16GB, M.2 500GB)",피씨스토어,1575360,2023.10.,판매중,23,7500F / RTX 5060 / (AMD) A620 / OS미포함 / 700W
컴퓨터/노트북/조립PC,데스크탑,브랜드PC,기타 브랜드,45314390,"영웅컴퓨터 영웅 게이밍울트라 7546GT R5 7500F RTX5060Ti (16GB, M.2 512GB)",영웅컴퓨터,1499890,2024.04.,판매중,22,7500F / RTX 5060 Ti / (AMD) A620 / OS미포함 / 600W
컴퓨터/노트북/조립PC,데스크탑,브랜드PC,기타 브랜드,95420654,"영웅컴퓨터 영웅 게이밍울트라 7856 R7 7800X3D RTX5060 (32GB, M.2 1TB)",영웅컴퓨터,1939780,2025.08.,판매중,6,7800X3D / RTX 5060 / (AMD) A620 / OS미포함 / 700W
컴퓨터/노트북/조립PC,데스크탑,브랜드PC,기타 브랜드,80164475,"영웅컴퓨터 영웅 게이밍울트라 7857 R7 7800X3D RTX5070 (32GB, M.2 1TB)",영웅컴퓨터,2539730,2025.04.,판매중,10,7800X3D / RTX 5070 / (AMD) B650 / OS미포함 / 800W
컴퓨터/노트북/조립PC,데스크탑,브랜드PC,기타 브랜드,13546484,"영웅컴퓨터 영웅 875 게이밍울트라560X R5 5600 RTX5060 (16GB, M.2 256GB)",영웅컴퓨터,1199550,2021.03.,판매중,23,5600 / RTX 5060 / (AMD) B550 / OS미포함 / 600W
컴퓨터/노트북/조립PC,데스크탑,브랜드PC,기타 브랜드,87240548,"영웅컴퓨터 영웅 게이밍울트라 9657 (32GB, M.2 1TB)",영웅컴퓨터,2289760,2025.04.,판매중,10,9600X / RTX 5070 / (AMD) B650 / OS미포함 / 800W
컴퓨터/노트북/조립PC,데스크탑,브랜드PC,기타 브랜드,74999351,"영웅컴퓨터 영웅 울트라게이밍 9800TS R7 9800X3D RTX5070Ti (32GB, M.2 1TB)",영웅컴퓨터,3149740,2025.01.,판매중,13,9800X3D / RTX 5070 Ti / (AMD) B650 / OS미포함 / 800W
컴퓨터/노트북/조립PC,데스크탑,브랜드PC,기타 브랜드,77962715,"이그닉 인테그 젠지 9957 IG-ITZ00030 (32GB, M.2 1TB)",이그닉,3249000,2025.03.,판매중,11,9900X / RTX 5070 / (AMD) B650 / OS미포함 / 800W
컴퓨터/노트북/조립PC,데스크탑,브랜드PC,기타 브랜드,77961077,"이그닉 리트 빅타워 9957 RT-BTP00034 (32GB, M.2 1TB)",이그닉,2769000,2025.03.,판매중,11,9900X / RTX 5070 / (AMD) B650 / OS미포함 / 800W
컴퓨터/노트북/조립PC,데스크탑,브랜드PC,기타 브랜드,31978277,"ASUS ExpertCenter PN42-SN096AU N100 Win11 Pro (4GB, M.2 128GB)",ASUS,597960,2024.01.,판매중,23,N100 (1.0GHz) / UHD 그래픽스 / 윈도우11 프로 / 인텔 / N-시리즈
컴퓨터/노트북/조립PC,데스크탑,브랜드PC,기타 브랜드,89612588,"ASUS NUC 15 Pro NUC15CRKU7 M.2 (8GB, M.2 128GB)",ASUS,1500000,2025.03.,판매중,24,
컴퓨터/노트북/조립PC,데스크탑,브랜드PC,기타 브랜드,46100312,"DELL 인스피론 DN3030T-UB01KR (8GB, M.2 512GB)",DELL,787500,2024.04.,판매중,24,
컴퓨터/노트북/조립PC,데스크탑,브랜드PC,기타 브랜드,46100669,"DELL 인스피론 DN3030T-UB04KR (16GB, M.2 1TB)",DELL,1179000,2024.04.,판매중,24,
컴퓨터/노트북/조립PC,데스크탑,브랜드PC,기타 브랜드,99748280,"DELL Pro Tower QCT1255 8500G Win11Pro (8GB, M.2 512GB)",DELL,799000,2025.08.,판매중,3,8500G / 740M / (AMD) PRO 665 / 윈도우11 프로 / 180W
컴퓨터/노트북/조립PC,데스크탑,브랜드PC,기타 브랜드,42389246,"DELL 인스피론 SFF DN3030S W002KRWH (8GB, M.2 512GB)",DELL,1060000,2024.03.,판매중,24,
컴퓨터/노트북/조립PC,데스크탑,브랜드PC,기타 브랜드,102125534,"DELL Tower ECT1250-UB02KR (32GB, M.2 1TB)",DELL,1442000,2025.11.,판매중,2,i5-14400 / UHD 730 / OS미포함 / 360W / 인텔
컴퓨터/노트북/조립PC,데스크탑,브랜드PC,기타 브랜드,100193408,"DELL Tower ECT1250-UB06KR Win11Pro (16GB, M.2 1TB)",DELL,1813400,2025.11.,판매중,3,i7-14700 / RTX 4060 / 윈도우11 프로 / 360W / 인텔
컴퓨터/노트북/조립PC,데스크탑,브랜드PC,기타 브랜드,62160278,"마이피씨샵 DIY 게이밍 마스터 7500F RTX5060 (16GB, M.2 500GB)",마이피씨샵,1495460,2024.07.,판매중,18,7500F / RTX 5060 / (AMD) A620 / OS미포함 / 600W
컴퓨터/노트북/조립PC,데스크탑,브랜드PC,기타 브랜드,18865124,"ECS LIVA One H610 Wi-Fi6 i3-12100 M.2 (4GB, M.2 128GB)",ECS,12200,2023.01.,판매중,23,i3-12100 / UHD 그래픽스 730 / (인텔) H610 / OS미포함 / 인텔
컴퓨터/노트북/조립PC,데스크탑,브랜드PC,기타 브랜드,86100728,"주연테크 긱스타 GAMING 75F56T2 (32GB, M.2 1TB)",주연테크,1960890,2025.04.,판매중,10,7500F / RTX 5060 Ti / (AMD) B650 / OS미포함 / 700W
컴퓨터/노트북/조립PC,데스크탑,브랜드PC,기타 브랜드,80569961,"주연테크 긱스타 GAMING 98X57T (32GB, M.2 1TB)",주연테크,3278870,2025.04.,판매중,10,9800X3D / RTX 5070 Ti / (AMD) B650 / OS미포함 / 1000W
컴퓨터/노트북/조립PC,데스크탑,브랜드PC,기타 브랜드,80719328,"주연테크 긱스타 GAMING 995X58 (32GB, M.2 1TB)",주연테크,4346950,2025.04.,판매중,10,9950X3D / RTX 5080 / (AMD) B850 / OS미포함 / 1200W
컴퓨터/노트북/조립PC,데스크탑,브랜드PC,기타 브랜드,28805123,"피씨스토어 베스트 게이밍 i5 13400F RTX5060 (16GB, M.2 500GB)",피씨스토어,1483770,2023.10.,판매중,23,i5-13400F / RTX 5060 / (인텔) H610 / OS미포함 / 700W
컴퓨터/노트북/조립PC,데스크탑,브랜드PC,기타 브랜드,101013083,"MSI MAG Codex Z2 A7NVV R7-9800X3D RTX 5080 게이밍 (32GB, M.2 1TB)",MSI,4149000,2025.11.,판매중,3,9800X3D / RTX 5080 / (AMD) B850 / OS미포함 / 850W
컴퓨터/노트북/조립PC,데스크탑,브랜드PC,기타 브랜드,94520657,"MSI MPG 인피니트 Z3 9900X RTX 5080 AI 게이밍 (32GB, M.2 1TB)",MSI,3990000,2025.07.,판매중,6,9900X / RTX 5080 / (AMD) B850 / OS미포함 / 850W
컴퓨터/노트북/조립PC,데스크탑,브랜드PC,기타 브랜드,19314176,"포유컴퓨터 퍼포먼스PC 30 R7 7800X3D RTX5070 (16GB, M.2 500GB)",포유컴퓨터,2302790,2023.03.,판매중,23,7800X3D / RTX 5070 / (AMD) B850 / OS미포함 / 800W
컴퓨터/노트북/조립PC,데스크탑,브랜드PC,기타 브랜드,19806671,"포유컴퓨터 퍼포먼스PC 32 U5 225F RTX5060Ti16GB (16GB, M.2 500GB)",포유컴퓨터,1708730,2023.04.,판매중,21,225F / RTX 5060 Ti / (인텔) H810 / OS미포함 / 700W
컴퓨터/노트북/조립PC,데스크탑,브랜드PC,기타 브랜드,20779784,"포유컴퓨터 퍼포먼스PC 37 R5 5600 RTX5060 (16GB, M.2 500GB)",포유컴퓨터,1171680,2023.07.,판매중,23,5600 / RTX 5060 / (AMD) A520 / OS미포함 / 600W
컴퓨터/노트북/조립PC,데스크탑,브랜드PC,기타 브랜드,21515228,"포유컴퓨터 퍼포먼스PC 42 울트라 코어5 225 (16GB, M.2 500GB)",포유컴퓨터,962190,2023.07.,판매중,23,225 / 인텔 그래픽스 / (인텔) H810 / OS미포함 / 600W
컴퓨터/노트북/조립PC,데스크탑,브랜드PC,기타 브랜드,27031226,"포유컴퓨터 퍼포먼스PC 46 R5 7400F RTX5060 (16GB, M.2 500GB)",포유컴퓨터,1437150,2023.08.,판매중,23,7400F / RTX 5060 / (AMD) B650 / OS미포함 / 600W
컴퓨터/노트북/조립PC,데스크탑,브랜드PC,기타 브랜드,26558177,"포유컴퓨터 퍼포먼스PC 47 R5 7400F RTX5060Ti (16GB, M.2 500GB)",포유컴퓨터,1614080,2023.08.,판매중,23,7400F / RTX 5060 Ti / (AMD) B650 / OS미포함 / 700W
컴퓨터/노트북/조립PC,데스크탑,브랜드PC,기타 브랜드,33430634,"포유컴퓨터 퍼포먼스PC 55 i5 14400F RTX5060Ti (16GB, M.2 500GB)",포유컴퓨터,1560920,2024.01.,판매중,23,i5-14400F / RTX 5060 Ti / (인텔) H610 / OS미포함 / 700W
컴퓨터/노트북/조립PC,데스크탑,브랜드PC,기타 브랜드,29826020,"피씨스토어 화이트 어항 PC 7500F RTX5060 360 (32GB, M.2 500GB)",피씨스토어,2199680,2023.11.,판매중,23,7500F / RTX 5060 / (AMD) B650 / OS미포함 / 750W
컴퓨터/노트북/조립PC,데스크탑,브랜드PC,기타 브랜드,54326369,"타무즈 QN10 N100 Win11Pro (8GB, M.2 128GB)",타무즈,536750,2024.04.,판매중,21,N100 (1.0GHz) / UHD 그래픽스 / 윈도우11 프로 / 인텔 / N-시리즈
컴퓨터/노트북/조립PC,데스크탑,브랜드PC,기타 브랜드,18711575,"영웅컴퓨터 영웅 RL3461F i5-13400F RTX5060Ti (16GB, M.2 512GB)",영웅컴퓨터,1429600,2023.01.,판매중,23,i5-13400F / RTX 5060 Ti / (인텔) H610 / OS미포함 / 600W
컴퓨터/노트북/조립PC,데스크탑,브랜드PC,기타 브랜드,93917810,"STCOM STAI-V140 Win11Home (16GB, M.2 512GB)",STCOM,1545360,2025.06.,판매중,7,7500F / RTX 5060 / (AMD) A620 / 윈도우11 / 600W
컴퓨터/노트북/조립PC,데스크탑,브랜드PC,기타 브랜드,92624423,"STCOM STAI-V166 (32GB, M.2 1TB)",STCOM,3107640,2025.06.,판매중,8,9800X3D / RTX 5070 Ti / (AMD) B650 / OS미포함 / 850W
컴퓨터/노트북/조립PC,데스크탑,브랜드PC,기타 브랜드,94260080,"STCOM STAI-V170 Win11Home (32GB, M.2 1TB)",STCOM,2111240,2025.07.,판매중,7,7500F / RTX 5060 Ti / (AMD) A620 / 윈도우11 / 700W
컴퓨터/노트북/조립PC,데스크탑,브랜드PC,기타 브랜드,90116723,"STCOM STAI-V99 (32GB, M.2 1TB)",STCOM,1831300,2025.05.,판매중,9,i5-14400F / RTX 5060 Ti / (인텔) B760 / OS미포함 / 700W
컴퓨터/노트북/조립PC,데스크탑,브랜드PC,기타 브랜드,97904819,"STCOM STCP-i15 (16GB, SSD 480GB)",STCOM,609000,2025.09.,판매중,5,i3-12100 / UHD 730 / (인텔) H610 / OS미포함 / 500W
컴퓨터/노트북/조립PC,데스크탑,브랜드PC,기타 브랜드,97904624,"STCOM STCP-i3 (32GB, M.2 1TB)",STCOM,1903000,2025.09.,판매중,5,i5-14400F / RTX 5060 Ti / (인텔) B760 / OS미포함 / 700W
컴퓨터/노트북/조립PC,데스크탑,브랜드PC,기타 브랜드,76510568,"타무즈 스트라이커 TZ200M1EAA (8GB, M.2 250GB)",타무즈,672520,2025.02.,판매중,12,i5-14400 / UHD 730 / (인텔) H610 / OS미포함 / 500W
컴퓨터/노트북/조립PC,데스크탑,브랜드PC,HP,91769585,"HP 오멘 16L TG03-0004KR (32GB, M.2 1TB)",HP,2529000,2025.06.,판매중,8,265F / RTX 5060 Ti / (인텔) B860 / 윈도우11 프로 / 500W
컴퓨터/노트북/조립PC,데스크탑,브랜드PC,HP,95425310,"HP 27-cr0010KL SUPER (32GB, M.2 1TB)",HP,1249000,2025.08.,판매중,6,7730U / 그래픽스 8 / 윈도우11 / AMD / 라이젠 7000시리즈
컴퓨터/노트북/조립PC,데스크탑,브랜드PC,HP,90575702,"HP 27-cr0015KR (8GB, M.2 512GB)",HP,1199000,2025.03.,판매중,9,i5-1334U / Iris Xe 그래픽스 / 윈도우11 / 인텔 / 코어 13세대
컴퓨터/노트북/조립PC,데스크탑,브랜드PC,HP,103055375,"HP 프로 타워 280 G9R BF9R1BT (8GB, M.2 512GB)",HP,863960,2024.10.,판매중,2,i5-14400 / UHD 730 / OS미포함 / 350W / 인텔
컴퓨터/노트북/조립PC,데스크탑,브랜드PC,HP,27482084,"HP 파빌리온 32-b1001kr (32GB, M.2 512GB)",HP,2290000,2023.08.,판매중,23,i7-13700T / RTX 3050 Ti / 윈도우11 / 인텔 / 코어 13세대
컴퓨터/노트북/조립PC,데스크탑,브랜드PC,HP,76375622,"HP 오멘 45L GT22-3002kl (64GB, M.2 2TB + HDD 2TB)",HP,8990000,2025.02.,판매중,12,285K / RTX 5090 / (인텔) Z890 / OS미포함 / 1200W
컴퓨터/노트북/조립PC,데스크탑,브랜드PC,HP,78846626,"HP 엘리트 타워 800 G9R A6RE6PT Win11Pro (16GB, M.2 512GB)",HP,1590310,2024.08.,판매중,10,i7-14700 / UHD 그래픽스 770 / 윈도우11 프로 / 550W / 인텔
컴퓨터/노트북/조립PC,데스크탑,브랜드PC,HP,98242421,"HP 옴니데스크 M03-0028kr Win11Pro (16GB, M.2 256GB)",HP,1378470,2025.09.,판매중,5,265 / 인텔 그래픽스 / 윈도우11 프로 / 500W / 인텔
컴퓨터/노트북/조립PC,데스크탑,브랜드PC,HP,98242853,"HP 옴니데스크 M03-0029kr RTX3050 Win11Home (16GB, M.2 256GB)",HP,1452920,2025.09.,판매중,24,
컴퓨터/노트북/조립PC,데스크탑,브랜드PC,HP,98242949,"HP 옴니데스크 M03-0029kr RTX4060 Win11Pro (16GB, M.2 256GB)",HP,1666840,2025.09.,판매중,5,225 / RTX 4060 / 윈도우11 프로 / 500W / 인텔
컴퓨터/노트북/조립PC,데스크탑,브랜드PC,HP,41611721,"HP S01-PF4001KL-Win11Pro (8GB, M.2 256GB)",HP,679020,2024.03.,판매중,23,i3-14100 / UHD 730 / (인텔) H670 / 윈도우11 프로 / 180W
컴퓨터/노트북/조립PC,데스크탑,브랜드PC,HP,48926285,"HP 파빌리온 TP01-5001KL Win11Pro (8GB, M.2 256GB)",HP,860590,2024.02.,판매중,22,i5-14400 / UHD 그래픽스 730 / 윈도우11 프로 / 500W / 인텔
컴퓨터/노트북/조립PC,데스크탑,브랜드PC,HP,79405271,"HP 파빌리온 TP01-5008KL Win11Pro (8GB, M.2 256GB)",HP,858730,2025.04.,판매중,10,i5-14400 / UHD 그래픽스 730 / 윈도우11 프로 / 500W / 인텔
컴퓨터/노트북/조립PC,데스크탑,브랜드PC,LG,76156301,"LG전자 24VD70T-GX50K Win11Home (8GB, M.2 256GB)",LG전자,1050000,2025.01.,판매중,12,i5-1334U / Iris Xe 그래픽스 / 윈도우11 / 인텔 / 코어 13세대
컴퓨터/노트북/조립PC,데스크탑,브랜드PC,LG,75600083,"LG전자 27V70T-GA56K (16GB, M.2 512GB)",LG전자,1428720,2025.01.,판매중,12,i5-1334U / Iris Xe 그래픽스 / 윈도우11 / 인텔 / 코어 13세대
컴퓨터/노트북/조립PC,데스크탑,브랜드PC,LG,94446287,"LG전자 B90MV-AR45S16 (16GB, M.2 256GB)",LG,1502950,2025.07.,판매중,7,i5-14400 / UHD 그래픽스 730 / (인텔) B760 / 윈도우11 / 500W
컴퓨터/노트북/조립PC,데스크탑,브랜드PC,다나와표준PC,93385391,"다나와표준PC 온라인강의용 250706 (16GB, M.2 256GB)",다나와표준PC,870000,2025.07.,판매중,7,8600G / 760M / (AMD) A620 / OS미포함 / 700W
컴퓨터/노트북/조립PC,데스크탑,브랜드PC,다나와표준PC,93386711,"다나와표준PC 게임용 250719 (16GB, M.2 1TB)",다나와표준PC,2332000,2025.07.,판매중,7,9600X / RTX 5070 / (AMD) B850 / OS미포함 / 850W
컴퓨터/노트북/조립PC,데스크탑,브랜드PC,다나와표준PC,95055290,"다나와표준PC 게임용 250810 (16GB, M.2 512GB)",다나와표준PC,1649470,2025.08.,판매중,6,7500F / RTX 5060 / (AMD) B650 / OS미포함 / 750W
컴퓨터/노트북/조립PC,데스크탑,브랜드PC,다나와표준PC,95056025,"다나와표준PC 게임용 250816 (16GB, M.2 500GB)",다나와표준PC,1640000,2025.08.,판매중,6,i5-14400F / RTX 5060 Ti / (인텔) B760 / OS미포함 / 800W
컴퓨터/노트북/조립PC,데스크탑,브랜드PC,다나와표준PC,95056589,"다나와표준PC 전문가용 250826 (16GB, M.2 1TB + HDD 2TB)",다나와표준PC,3980000,2025.08.,판매중,6,9900X3D / RTX 5070 Ti / (AMD) X870E / OS미포함 / 1000W
컴퓨터/노트북/조립PC,데스크탑,브랜드PC,다나와표준PC,96853937,"다나와표준PC 게임용 250913 (16GB, M.2 500GB)",다나와표준PC,1799750,2025.08.,판매중,5,9600X / RTX 5060 / (AMD) B850 / OS미포함 / 700W
컴퓨터/노트북/조립PC,데스크탑,브랜드PC,다나와표준PC,101541854,"다나와표준PC 홈/오피스용 251201 (8GB, M.2 512GB)",다나와표준PC,517000,2025.12.,판매중,2,3200G / Vega 8 / (AMD) B450 / OS미포함 / 500W
컴퓨터/노트북/조립PC,데스크탑,브랜드PC,다나와표준PC,101543087,"다나와표준PC 게임용 251211 (16GB, M.2 1TB)",다나와표준PC,1620000,2025.12.,판매중,2,7500F / RTX 5060 / (AMD) B650 / OS미포함 / 850W
컴퓨터/노트북/조립PC,데스크탑,브랜드PC,다나와표준PC,101545583,"다나와표준PC 전문가용 251225 (32GB, M.2 1TB)",다나와표준PC,2467990,2025.12.,판매중,2,265K / RTX 5060 / (인텔) B860 / OS미포함 / 700W
컴퓨터/노트북/조립PC,데스크탑,미니PC,ASUS,12165779,"ASUS MiniPC PN40-BC905ZV J4025 Win10 Pro (4GB, eMMC 64GB)",ASUS,465000,2020.09.,판매중,23,J4025 (2.0GHz) / UHD 600 / 윈도우10 프로 / 인텔 / 셀러론
컴퓨터/노트북/조립PC,데스크탑,미니PC,인텔 NUC,75723374,ASUS NUC 14 Essential Mill Canyon NUC14MNK15 (베어본),ASUS,279000,2025.02.,판매중,24,
컴퓨터/노트북/조립PC,데스크탑,미니PC,인텔 NUC,92232623,ASUS NUC 15 Pro+ NUC15CRSU9 (베어본),ASUS,1349000,2025.06.,판매중,24,
컴퓨터/노트북/조립PC,데스크탑,미니PC,기타 미니PC,44416472,APPLE 맥미니 M1 Z12P000FR CTO (스펙변경),APPLE,1430000,2022.01.,판매중,24,
컴퓨터/노트북/조립PC,데스크탑,미니PC,기타 미니PC,19005977,"APPLE 맥미니 M2 MMFJ3KH/A (8GB, SSD 256GB)",APPLE,876990,2023.02.,판매중,24,
컴퓨터/노트북/조립PC,데스크탑,미니PC,기타 미니PC,19006076,"APPLE 맥미니 M2 PRO MNH73KH/A (16GB, SSD 512GB)",APPLE,1736290,2023.02.,판매중,24,
컴퓨터/노트북/조립PC,데스크탑,미니PC,기타 미니PC,19720736,"APPLE 맥미니 M2 PRO Z1700003M (16GB, SSD 1TB)",APPLE,1977600,2023.02.,판매중,24,
컴퓨터/노트북/조립PC,데스크탑,미니PC,기타 미니PC,19720748,"APPLE 맥미니 M2 PRO Z1700003N (16GB, SSD 2TB)",APPLE,2600000,2023.02.,판매중,24,
컴퓨터/노트북/조립PC,데스크탑,미니PC,기타 미니PC,70152629,"APPLE 맥미니 M4 MCX44KH/A (24GB, SSD 512GB)",APPLE,1922790,2024.12.,판매중,24,
컴퓨터/노트북/조립PC,데스크탑,미니PC,기타 미니PC,70152599,"APPLE 맥미니 M4 MCYT4KH/A (24GB, SSD 512GB)",APPLE,1371990,2024.12.,판매중,24,
컴퓨터/노트북/조립PC,데스크탑,미니PC,기타 미니PC,70152545,"APPLE 맥미니 M4 MU9D3KH/A (16GB, SSD 256GB)",APPLE,820000,2024.12.,판매중,14,M4 10 core / Mac OS Sequoia / 애플(ARM) / M4시리즈 / M4
컴퓨터/노트북/조립PC,데스크탑,미니PC,기타 미니PC,70152575,"APPLE 맥미니 M4 MU9E3KH/A (16GB, SSD 512GB)",APPLE,1118520,2024.12.,판매중,24,
컴퓨터/노트북/조립PC,데스크탑,미니PC,기타 미니PC,73121051,"APPLE 맥미니 M4 Z1CF0002S (24GB, SSD 256GB)",APPLE,1127590,2024.12.,판매중,24,
컴퓨터/노트북/조립PC,데스크탑,미니PC,기타 미니PC,73883507,"APPLE 맥미니 M4 Z1CG0002E (16GB, SSD 1TB)",APPLE,1418520,2024.12.,판매중,24,
컴퓨터/노트북/조립PC,데스크탑,미니PC,기타 미니PC,73121066,"APPLE 맥미니 M4 Z1JV0004K (24GB, SSD 1TB)",APPLE,2327300,2024.12.,판매중,24,
컴퓨터/노트북/조립PC,데스크탑,미니PC,기타 미니PC,73328498,"APPLE 맥미니 M4 Z1JV0004R (24GB, SSD 512GB)",APPLE,2285500,2024.12.,판매중,24,
컴퓨터/노트북/조립PC,데스크탑,미니PC,기타 미니PC,73121072,"APPLE 맥미니 M4 Z1JV001D3 (48GB, SSD 1TB)",APPLE,2927300,2024.12.,판매중,24,
컴퓨터/노트북/조립PC,데스크탑,미니PC,기타 미니PC,73328480,"APPLE 맥미니 M4 Z1JV001GB (24GB, SSD 1TB)",APPLE,2585500,2024.12.,판매중,24,
컴퓨터/노트북/조립PC,데스크탑,미니PC,기타 미니PC,73883501,"APPLE 맥미니 M4 Z1JX0001V (24GB, SSD 1TB)",APPLE,1700600,2024.12.,판매중,24,
컴퓨터/노트북/조립PC,데스크탑,미니PC,기타 미니PC,10946547,"APPLE 맥미니 MXNG2KH/A (8GB, SSD 512GB)",APPLE,489500,2020.03.,판매중,24,
컴퓨터/노트북/조립PC,데스크탑,미니PC,기타 미니PC,28186643,ASRock DeskMini B760 (Adapter 120W) 에즈윈 (베어본),ASRock,351110,2023.09.,판매중,24,
컴퓨터/노트북/조립PC,데스크탑,미니PC,기타 미니PC,92044019,ASRock DeskMini B760 (Adapter 120W) non VESA 에즈윈 (베어본),ASRock,351000,2023.09.,판매중,24,
컴퓨터/노트북/조립PC,데스크탑,미니PC,기타 미니PC,17492906,ASRock DeskMini X300 120W 대원씨티에스 (베어본),ASRock,217990,2022.07.,판매중,24,
컴퓨터/노트북/조립PC,데스크탑,미니PC,기타 미니PC,12428594,ASRock DeskMini X300 120W 디앤디컴 (베어본),ASRock,204000,2020.10.,판매중,24,
컴퓨터/노트북/조립PC,데스크탑,미니PC,기타 미니PC,12381290,ASRock DeskMini X300 120W 에즈윈 (베어본),ASRock,220090,2020.09.,판매중,24,
컴퓨터/노트북/조립PC,데스크탑,미니PC,기타 미니PC,80150342,"ASRock DeskMini X300 5600G 120W M.2 대원씨티에스 (8GB, M.2 128GB)",ASRock,629000,2022.07.,판매중,10,5600G / 그래픽스 7 / (AMD) X300 / OS미포함 / AMD
컴퓨터/노트북/조립PC,데스크탑,미니PC,기타 미니PC,13761380,ASRock DeskMini X300 RGB 120W 에즈윈 (베어본),ASRock,242220,2021.03.,판매중,24,
컴퓨터/노트북/조립PC,데스크탑,미니PC,기타 미니PC,54814211,ASRock DeskMini X600 120W 대원씨티에스 (베어본),ASRock,303690,2024.05.,판매중,24,
컴퓨터/노트북/조립PC,데스크탑,미니PC,기타 미니PC,54814736,ASRock DeskMini X600 120W 디앤디컴 (베어본),ASRock,288870,2024.05.,판매중,24,
컴퓨터/노트북/조립PC,데스크탑,미니PC,기타 미니PC,55796798,ASRock DeskMini X600 120W 에즈윈 (베어본),ASRock,297070,2024.06.,판매중,24,
컴퓨터/노트북/조립PC,데스크탑,미니PC,기타 미니PC,56150660,ASRock DeskMini X600 120W nonVESA 대원씨티에스 (베어본),ASRock,281480,2024.05.,판매중,24,
컴퓨터/노트북/조립PC,데스크탑,미니PC,기타 미니PC,97309289,ASRock DeskMini X600 USB4 120W 풀패키지 에즈윈 (베어본),ASRock,308990,2025.09.,판매중,24,
컴퓨터/노트북/조립PC,데스크탑,미니PC,기타 미니PC,97309151,ASRock DeskMini X600 USB4 120W 에즈윈 (베어본),ASRock,283580,2025.09.,판매중,24,
컴퓨터/노트북/조립PC,데스크탑,미니PC,기타 미니PC,25644929,ASRock Jupiter H610 65W (Adapter 120W) 에즈윈 (베어본),ASRock,322960,2023.08.,판매중,24,
컴퓨터/노트북/조립PC,데스크탑,미니PC,기타 미니PC,78177554,ECS LIVA One H610 120W Wi-Fi 6E (베어본),ECS,287990,2025.03.,판매중,24,
컴퓨터/노트북/조립PC,데스크탑,미니PC,기타 미니PC,92152874,"피씨스토어 미니 어항 i5 14400F RTX5060 (16GB, M.2 500GB)",피씨스토어,1544920,2025.06.,판매중,24,
컴퓨터/노트북/조립PC,데스크탑,미니PC,기타 미니PC,20181530,MSI Cubi N100 ADL (베어본),MSI,291500,2023.05.,판매중,24,
컴퓨터/노트북/조립PC,데스크탑,미니PC,기타 미니PC,101189063,MSI Cubi Z AI 라이젠7 8845HS (베어본),MSI,580860,2025.11.,판매중,24,
컴퓨터/노트북/조립PC,데스크탑,미니PC,기타 미니PC,46888019,타무즈 QN10 (베어본),타무즈,242420,2024.04.,판매중,24,
컴퓨터/노트북/조립PC,데스크탑,미니PC,기타 미니PC,93017069,STCOM STCP-4300 (베어본),STCOM,2386000,2025.06.,판매중,24,
컴퓨터/노트북/조립PC,데스크탑,미니PC,기타 미니PC,70677845,타무즈 TP34 (베어본),타무즈,588260,2024.11.,판매중,24,
컴퓨터/노트북/조립PC,데스크탑,미니PC,기타 미니PC,93917660,ZOTAC ZBOX CI343 Edge (베어본),ZOTAC,282100,2025.07.,판매중,24,
컴퓨터/노트북/조립PC,노트북,울트라북,,71777396,LG전자 울트라PC 15UD50T-GX5JK 16GB램 (SSD 256GB),LG전자,673430,2024.11.,판매중,24,
컴퓨터/노트북/조립PC,노트북,울트라북,,93628487,레노버 아이디어패드 Slim 5i 16IAH10 U7 OLED AI (SSD 512GB),레노버,1299000,2025.07.,판매중,24,
컴퓨터/노트북/조립PC,노트북,일반 노트북,,55041755,레노버 씽크북 14ARP G7 R5 (SSD 512GB),레노버,598000,2024.05.,판매중,20,노트북 / 35.5cm(14인치) / 1.38kg / OS미포함(프리도스) / [화면]해상도:1920x1200(WUXGA)
컴퓨터/노트북/조립PC,노트북,일반 노트북,,94028711,에이서 프레데터 헬리오스 네오 16 AI PHN16-73-9797 (SSD 1TB),에이서,2949000,2025.07.,판매중,7,노트북 / 40.6cm(16인치) / 2.45kg / 최대 6.5시간 / OS미포함(프리도스)
컴퓨터/노트북/조립PC,노트북,일반 노트북,,93446057,에이서 프레데터 헬리오스 네오 16S 슬림 AI PHN16S-71-97L7 (SSD 1TB),에이서,2748990,2025.07.,판매중,7,노트북 / 40.6cm(16인치) / 2.15kg / OS미포함(프리도스) / [화면]해상도:2560x1600(WQXGA)
컴퓨터/노트북/조립PC,노트북,일반 노트북,,92104733,레노버 아이디어패드 5 2in1 16AKP10 83KU001KKR (SSD 512GB),레노버,1399000,2025.06.,판매중,24,
컴퓨터/노트북/조립PC,노트북,일반 노트북,,99732551,레노버 아이디어패드 5 2in1 16AKP10 83KU002NKR (SSD 1TB),레노버,1393080,2025.10.,판매중,24,
컴퓨터/노트북/조립PC,노트북,일반 노트북,,17552549,레노버 요가 7 16IAH7 82UF003DKR (SSD 512GB),레노버,1296440,2022.07.,판매중,24,
컴퓨터/노트북/조립PC,노트북,일반 노트북,,78100013,레노버 요가 7 2in1 14AKP10 83JR0052KR (SSD 1TB),레노버,1715000,2025.03.,판매중,24,
컴퓨터/노트북/조립PC,노트북,일반 노트북,,75537797,ASUS 젠북 A14 UX3407QA-SB284W (SSD 512GB),ASUS,1098990,2025.02.,판매중,12,AI노트북 / 35.56cm(14인치) / 899g / 최대 20시간 / 윈도우11홈
컴퓨터/노트북/조립PC,노트북,일반 노트북,,93014807,ASUS Gaming V16 V3607VH-RP005 (SSD 512GB),ASUS,1247000,2025.06.,판매중,7,노트북 / 40.6cm(16인치) / 1.95kg / OS미포함(프리도스) / [화면]해상도:1920x1200(WUXGA)
컴퓨터/노트북/조립PC,노트북,일반 노트북,,90890546,ASUS Gaming V16 V3607VM-RP005 (SSD 512GB),ASUS,1324000,2025.05.,판매중,8,노트북 / 40.6cm(16인치) / 1.95kg / OS미포함(프리도스) / [화면]해상도:1920x1200(WUXGA)
컴퓨터/노트북/조립PC,노트북,일반 노트북,,92107382,ASUS Gaming V16 V3607VM-RP005 WIN11 32GB램 (SSD 512GB),ASUS,1610660,2025.05.,판매중,8,노트북 / 40.6cm(16인치) / 1.95kg / 윈도우11(설치) / [화면]해상도:1920x1200(WUXGA)
컴퓨터/노트북/조립PC,노트북,일반 노트북,,99710195,HP 빅터스 15-fa2417TX (SSD 512GB),HP,1494000,2025.10.,판매중,4,노트북 / 39.6cm(15.6인치) / 2.29kg / OS미포함(프리도스) / [화면]해상도:1920x1080(FHD)
컴퓨터/노트북/조립PC,노트북,일반 노트북,,50129708,HP 빅터스 15-fb2061AX (SSD 512GB),HP,1099000,2024.04.,판매중,21,노트북 / 39.62cm(15.6인치) / 2.29kg / OS미포함(프리도스) / [화면]해상도:1920x1080(FHD)
컴퓨터/노트북/조립PC,노트북,일반 노트북,,99555338,HP 오멘 슬림 16-an0021TX 32GB램 (SSD 1TB),HP,2099000,2025.10.,판매중,4,노트북 / 40.6cm(16인치) / 2.42kg / OS미포함(프리도스) / [화면]해상도:2560x1600(WQXGA)
컴퓨터/노트북/조립PC,노트북,일반 노트북,,92187689,HP 오멘 16-ap0074AX (SSD 512GB),HP,2099000,2025.06.,판매중,8,AI노트북 / 40.6cm(16인치) / 2.45kg / OS미포함(프리도스) / [화면]해상도:2560x1600(WQXGA)
컴퓨터/노트북/조립PC,노트북,일반 노트북,,92545433,HP 오멘 16-ap0097AX (SSD 1TB),HP,2023000,2025.06.,판매중,24,
컴퓨터/노트북/조립PC,노트북,일반 노트북,,92545484,HP 오멘 16-ap0117AX (SSD 1TB),HP,2248000,2025.06.,판매중,8,노트북 / 40.6cm(16인치) / 2.35kg / OS미포함(프리도스) / [화면]해상도:2560x1600(WQXGA)
컴퓨터/노트북/조립PC,노트북,일반 노트북,,98919359,HP 옴니북 7 Aero 13-bg0082AU WIN11 (SSD 512GB),HP,911800,2025.10.,판매중,24,
컴퓨터/노트북/조립PC,노트북,일반 노트북,,75470213,HP 파빌리온 x360 14-ek2055TU (SSD 512GB),HP,898980,2025.02.,판매중,24,
컴퓨터/노트북/조립PC,노트북,일반 노트북,,70335374,LG전자 울트라PC 15U50T-GA5HK (SSD 256GB),LG전자,755250,2024.11.,판매중,15,노트북 / 39.6cm(15.6인치) / 1.7kg / 윈도우11홈 / [화면]해상도:1920x1080(FHD)
컴퓨터/노트북/조립PC,노트북,일반 노트북,,70335269,LG전자 울트라PC 15U50T-GROWK (SSD 256GB),LG전자,675910,2024.11.,판매중,15,노트북 / 39.6cm(15.6인치) / 1.7kg / 윈도우11홈 / [화면]해상도:1920x1080(FHD)
컴퓨터/노트북/조립PC,노트북,일반 노트북,,70102928,LG전자 울트라PC 15UD50T-GX5JK (SSD 256GB),LG전자,631260,2024.10.,판매중,24,
컴퓨터/노트북/조립PC,노트북,일반 노트북,,72721655,LG전자 울트라PC 15UD50T-GX5JK WIN11 (SSD 256GB),LG전자,650720,2024.12.,판매중,24,
컴퓨터/노트북/조립PC,노트북,일반 노트북,,96856439,레노버 LOQ 15AHP10 R7 5060 (SSD 512GB),레노버,1498000,2025.08.,판매중,5,노트북 / 39.62cm(15.6인치) / 2.4kg / OS미포함(프리도스) / [화면]해상도:1920x1080(FHD)
컴퓨터/노트북/조립PC,노트북,일반 노트북,,75465548,MSI 스텔스 14 AI Studio A1VFG-U7 퓨어 화이트 WIN11 (SSD 1TB),MSI,1615070,2025.02.,판매중,12,노트북 / 35.56cm(14인치) / 1.7kg / 윈도우11(설치) / [화면]해상도:1920x1200(WUXGA)
컴퓨터/노트북/조립PC,노트북,일반 노트북,,94262636,MSI 사이보그 15 B2RWEKG-C7 WIN11 32GB램 (SSD 512GB),MSI,1611780,2025.07.,판매중,7,노트북 / 39.6cm(15.6인치) / 2.1kg / 윈도우11(설치) / [화면]해상도:1920x1080(FHD)
컴퓨터/노트북/조립PC,노트북,일반 노트북,,74805575,MSI 모던시리즈 모던 15 B7M-R5 포스 W11 (SSD 512GB),MSI,720000,2025.01.,판매중,13,노트북 / 39.6cm(15.6인치) / 1.75kg / 윈도우11홈 / [화면]해상도:1920x1080(FHD)
컴퓨터/노트북/조립PC,노트북,일반 노트북,,95055344,MSI 사이보그 17 B2RWEKG-C7 16GB램 (SSD 512GB),MSI,1438740,2025.07.,판매중,6,노트북 / 43.9cm(17.3인치) / 2.5kg / OS미포함(프리도스) / [화면]해상도:1920x1080(FHD)
컴퓨터/노트북/조립PC,노트북,일반 노트북,,27613289,MSI 알파 17 C7VG-R9 QHD (SSD 1TB),MSI,1698990,2023.08.,판매중,23,노트북 / 43.9cm(17.3인치) / 2.8kg / OS미포함(프리도스) / [화면]해상도:2560x1440(QHD)
컴퓨터/노트북/조립PC,노트북,일반 노트북,,90438254,MSI 벡터 17 HX AI A2XWHG-U9 QHD+ W11 (SSD 1TB),MSI,3540000,2025.05.,판매중,9,노트북 / 43.1cm(17인치) / 3kg / 윈도우11홈 / [화면]해상도:2560x1600(WQXGA)
컴퓨터/노트북/조립PC,노트북,일반 노트북,,70098395,MSI 소드 17 HX B13VGKG-i9 QHD WIN11 32GB램 (SSD 512GB),MSI,2148990,2024.10.,판매중,15,노트북 / 43.1cm(17인치) / 2.6kg / 윈도우11(설치) / [화면]해상도:2560x1600(WQXGA)
컴퓨터/노트북/조립PC,노트북,일반 노트북,,94931804,MSI 사이보그 A17 AI B2HWEKG-R7 16GB램 (SSD 512GB),MSI,1487610,2025.07.,판매중,6,노트북 / 43.9cm(17.3인치) / 2.5kg / OS미포함(프리도스) / [화면]해상도:1920x1080(FHD)
컴퓨터/노트북/조립PC,노트북,일반 노트북,,94999469,MSI 크로스헤어 A18 HX A7WGKG-R9 QHD+ 32GB램 (SSD 1TB),MSI,2459000,2025.07.,판매중,24,
컴퓨터/노트북/조립PC,노트북,일반 노트북,,94202276,MSI 크로스헤어 A18 HX A7WGKG-R9 QHD+ (SSD 1TB),MSI,2099000,2025.07.,판매중,7,노트북 / 45.72cm(18인치) / 3.1kg / OS미포함(프리도스) / [화면]해상도:2560x1600(WQXGA)
컴퓨터/노트북/조립PC,노트북,일반 노트북,,94999433,MSI 크로스헤어 A18 HX A7WGKG-R9 QHD+ WIN11 32GB램 (SSD 1TB),MSI,2559000,2025.07.,판매중,6,노트북 / 45.72cm(18인치) / 3.1kg / 윈도우11(설치) / [화면]해상도:2560x1600(WQXGA)
컴퓨터/노트북/조립PC,노트북,일반 노트북,,90574670,MSI 벡터 A18 HX A9WHG-R9 QHD+ WIN11 64GB램 (SSD 1TB),MSI,4067810,2025.05.,판매중,9,노트북 / 45.72cm(18인치) / 3.6kg / 윈도우11(설치) / [화면]해상도:2560x1600(WQXGA)
컴퓨터/노트북/조립PC,노트북,일반 노트북,,14171045,MSI 써밋 E13 Flip EVO A11MT 화이트 (SSD 1TB),MSI,1990000,2021.05.,판매중,24,
컴퓨터/노트북/조립PC,노트북,일반 노트북,,14170982,MSI 써밋 E13 Flip EVO A11MT 블랙 (SSD 1TB),MSI,2490000,2021.05.,판매중,24,
컴퓨터/노트북/조립PC,노트북,일반 노트북,,16630916,MSI 써밋 E13 Flip Evo A12MT W11 (SSD 1TB),MSI,2270000,2022.03.,판매중,24,
컴퓨터/노트북/조립PC,노트북,일반 노트북,,19563836,MSI 써밋 E13 Flip Evo A13MT W11 (SSD 2TB),MSI,2230000,2023.03.,판매중,24,
컴퓨터/노트북/조립PC,노트북,일반 노트북,,19476104,MSI 써밋 E16 Flip A13VET (SSD 1TB),MSI,2690000,2023.03.,판매중,24,
컴퓨터/노트북/조립PC,노트북,일반 노트북,,20008619,MSI 써밋 E16 Flip A13VET WIN11 (SSD 1TB),MSI,2790000,2023.05.,판매중,24,
컴퓨터/노트북/조립PC,노트북,일반 노트북,,15473312,MSI 써밋 E16 Flip EVO A11MT (SSD 1TB),MSI,0,2021.10.,판매중,24,
컴퓨터/노트북/조립PC,노트북,일반 노트북,,96482933,MSI 소드 GF66 HX B14WFK-i9 QHD WIN11 64GB램 (SSD 512GB),MSI,2524900,2025.08.,판매중,6,노트북 / 39.6cm(15.6인치) / 2.4kg / 윈도우11(설치) / [화면]해상도:2560x1440(QHD)
컴퓨터/노트북/조립PC,노트북,일반 노트북,,91766357,MSI 소드 GF76 HX B14WFK-i7 QHD (SSD 512GB),MSI,1601660,2025.06.,판매중,8,노트북 / 43.9cm(17.3인치) / 2.7kg / OS미포함(프리도스) / [화면]해상도:2560x1440(QHD)
컴퓨터/노트북/조립PC,노트북,일반 노트북,,91766426,MSI 소드 GF76 HX B14WGK-i9 QHD (SSD 1TB),MSI,2010560,2025.06.,판매중,8,노트북 / 43.9cm(17.3인치) / 2.7kg / OS미포함(프리도스) / [화면]해상도:2560x1440(QHD)
컴퓨터/노트북/조립PC,노트북,일반 노트북,,50127506,MSI GF시리즈 소드 GF76 A AI B8VF-R7 WIN11 32GB램 (SSD 512GB),MSI,1478960,2024.04.,판매중,21,노트북 / 43.9cm(17.3인치) / 2.7kg / 윈도우11(설치) / [화면]해상도:1920x1080(FHD)
컴퓨터/노트북/조립PC,노트북,일반 노트북,,41917376,레노버 요가 Pro 7 14AHP9 83E30009KR (SSD 1TB),레노버,1697380,2024.03.,판매중,23,노트북 / 36.8cm(14.5인치) / 1.64kg / OS미포함(프리도스) / [화면]해상도:2560x1600(WQXGA)
컴퓨터/노트북/조립PC,노트북,일반 노트북,,97304741,레노버 아이디어패드 Slim3 15IRU8 82X700HWKR (SSD 512GB),레노버,518970,2025.09.,판매중,5,노트북 / 39.62cm(15.6인치) / 1.62kg / OS미포함(프리도스) / [화면]해상도:1920x1080(FHD)
컴퓨터/노트북/조립PC,노트북,일반 노트북,,78534242,레노버 아이디어패드 Slim5 16AKP10 83HY0044KR (SSD 1TB),레노버,1464900,2025.03.,판매중,11,AI노트북 / 40.6cm(16인치) / 1.69kg / 최대 18시간 / 윈도우11홈
컴퓨터/노트북/조립PC,노트북,일반 노트북,,100622831,에이서 니트로 V 16S AI ANV16S-41-R9SV WIN11 (SSD 512GB),에이서,1407990,2025.11.,판매중,24,
컴퓨터/노트북/조립PC,노트북,일반 노트북,,17869223,레노버 씽크패드 X13 Yoga Gen3 21AW0020KR (SSD 256GB),레노버,1930000,2022.09.,판매중,24,
컴퓨터/노트북/조립PC,노트북,일반 노트북,,17869376,레노버 씽크패드 X13 Yoga Gen3 21AW0021KR (SSD 256GB),레노버,1830000,2022.09.,판매중,24,
컴퓨터/노트북/조립PC,노트북,일반 노트북,,17869478,레노버 씽크패드 X13 Yoga Gen3 21AW0022KR (SSD 256GB),레노버,1690000,2022.09.,판매중,24,
컴퓨터/노트북/조립PC,노트북,Apple 맥북,,77378072,"APPLE 맥북에어13 M4 10코어 CPU, 8코어 GPU 실버 (램16GB, SSD 256GB)",APPLE,1424730,2025.03.,판매중,10,AI노트북 / 34.5cm(13.6인치) / 1.24kg / 최대 18시간 / macOS Sequoia
컴퓨터/노트북/조립PC,노트북,Apple 맥북,,70250585,"APPLE 맥북프로14 M4프로 12코어 CPU, 16코어 GPU 블랙 (램24GB, SSD 512GB)",APPLE,2633690,2024.11.,판매중,15,AI노트북 / 35.9cm(14.2인치) / 1.6kg / 최대 22시간 / macOS Sequoia
컴퓨터/노트북/조립PC,모니터,게이밍 모니터,,90890663,크로스오버 27QD166CM QHD iPS USB-C 화이트 Ai 멀티스탠드,크로스오버,179000,2025.05.,판매중,24,
컴퓨터/노트북/조립PC,모니터,게이밍 모니터,,99128231,알파스캔 AOC 27B36H3 4면 보더리스 IPS 120 시력보호 무결점,알파스캔,142930,2025.10.,판매중,24,
컴퓨터/노트북/조립PC,모니터,게이밍 모니터,,71277374,앱코 LPC34Q165D 프라임 나노IPS BLACK UWQHD HDR 블랙 무결점,앱코,299000,2024.11.,판매중,24,
컴퓨터/노트북/조립PC,모니터,4K 모니터,,97118876,알파스캔 AOC U32G4 게이밍 320 듀얼 모드 4K UHD HDR 400 무결점,알파스캔,578990,2025.09.,판매중,24,
컴퓨터/노트북/조립PC,모니터,4K 모니터,,73883666,삼성전자 오디세이 G7 S32DG700,삼성전자,698990,2025.01.,판매중,24,
컴퓨터/노트북/조립PC,모니터,4K 모니터,,93385682,MSI MAG 322URDF700 E16 듀얼모드 게이밍 4K AI Vision 무결점,MSI,449510,2025.07.,판매중,24,
컴퓨터/노트북/조립PC,데스크탑,게이밍PC,,96479816,"모맨 겜덕피시 게이밍 5600 RTX3050 (16GB, M.2 1TB)",모맨,1080000,2025.08.,판매중,24,
컴퓨터/노트북/조립PC,데스크탑,게이밍PC,,96481013,"모맨 겜덕피시 게이밍 5600 RTX3060 (16GB, M.2 1TB)",모맨,1119000,2025.08.,판매중,24,
컴퓨터/노트북/조립PC,데스크탑,게이밍PC,,96480923,"모맨 겜덕피시 게이밍 5600 RX6600 (16GB, M.2 1TB)",모맨,1138000,2025.08.,판매중,24,
컴퓨터/노트북/조립PC,데스크탑,게이밍PC,,96480836,"모맨 겜덕피시 게이밍 5600 RX7600 (16GB, M.2 1TB)",모맨,1260000,2025.08.,판매중,24,
컴퓨터/노트북/조립PC,데스크탑,게이밍PC,,96481283,"모맨 겜덕피시 게이밍 7500F RTX5050 (32GB, M.2 1TB)",모맨,2150000,2025.08.,판매중,24,
컴퓨터/노트북/조립PC,데스크탑,게이밍PC,,94566260,"모맨 겜덕피시 게이밍 7500F RTX5060TI (32GB, M.2 1TB)",모맨,1950000,2025.07.,판매중,24,
컴퓨터/노트북/조립PC,데스크탑,게이밍PC,,96481196,"모맨 겜덕피시 게이밍 7500F RX7600 (16GB, M.2 1TB)",모맨,1391000,2025.08.,판매중,24,
컴퓨터/노트북/조립PC,데스크탑,게이밍PC,,96481091,"모맨 겜덕피시 게이밍 7600 RX9070 (32GB, M.2 1TB)",모맨,2233000,2025.08.,판매중,24,
컴퓨터/노트북/조립PC,데스크탑,게이밍PC,,96479333,"모맨 겜덕피시 게이밍 7800X3D RTX5060Ti (32GB, M.2 1TB)",모맨,2950000,2025.08.,판매중,24,
컴퓨터/노트북/조립PC,데스크탑,게이밍PC,,94084916,"모맨 겜덕피시 게이밍 7800X3D RTX5070 (32GB, M.2 1TB)",모맨,3160000,2025.07.,판매중,24,
컴퓨터/노트북/조립PC,데스크탑,게이밍PC,,96479627,"모맨 겜덕피시 게이밍 7800X3D RX9070XT (32GB, M.2 1TB)",모맨,3000000,2025.08.,판매중,24,
컴퓨터/노트북/조립PC,데스크탑,게이밍PC,,58936658,"ASUS ROG NUC 14 Enthusiast NUC14SRKU9189A0I (32GB, M.2 1TB)",ASUS,3500000,2024.07.,판매중,19,185H / RTX 4070 / 윈도우11 / 인텔 / 코어울트라 시리즈1
컴퓨터/노트북/조립PC,데스크탑,게이밍PC,,80570096,"주연테크 긱스타 GAMING 98X97XT (32GB, M.2 1TB)",주연테크,2975990,2025.04.,판매중,24,
컴퓨터/노트북/조립PC,데스크탑,게이밍PC,,80756648,"주연테크 긱스타 GAMING 995X01 (32GB, M.2 1TB)",주연테크,2446710,2025.04.,판매중,24,
컴퓨터/노트북/조립PC,데스크탑,게이밍PC,,77015606,"레노버 LEGION T7 34IAS10 90Y6004HKA (64GB, M.2 2TB)",레노버,5299000,2025.02.,판매중,24,
컴퓨터/노트북/조립PC,데스크탑,게이밍PC,,91116686,"몬스타 가츠 게임용PC i5-14400F RTX5060 (32GB, M.2 512GB)",몬스타,1890000,2025.05.,판매중,24,
컴퓨터/노트북/조립PC,데스크탑,게이밍PC,,98409758,ROG Xbox Ally X 1TB,ROG,1398000,,판매중,24,
컴퓨터/노트북/조립PC,데스크탑,게이밍PC,,103414781,"주연테크 리오나인 Turbo Gameming FD (32GB, M.2 1TB)",주연테크,2349000,2025.04.,판매중,24,
컴퓨터/노트북/조립PC,데스크탑,게이밍PC,,103414808,"주연테크 리오나인 Turbo Gameming Win11Home (32GB, M.2 1TB)",주연테크,2422560,2025.04.,판매중,24,
컴퓨터/노트북/조립PC,데스크탑,올인원PC,,99714614,"레노버 아이디어센터 AIO 27AKP10 F0JE000TKR (16GB, M.2 512GB)",레노버,1127060,2025.10.,판매중,24,
컴퓨터/노트북/조립PC,데스크탑,올인원PC,,94813631,"HP 24-ct2001KL Win11Home (16GB, M.2 512GB)",HP,1149000,2025.04.,판매중,24,
컴퓨터/노트북/조립PC,데스크탑,올인원PC,,74819252,"LG전자 24VD70T-GX50K (8GB, M.2 256GB)",LG전자,980000,2025.01.,판매중,24,
컴퓨터/노트북/조립PC,데스크탑,올인원PC,,17332613,"LG전자 27V70Q-GR50K (8GB, M.2 256GB)",LG전자,1234000,2022.06.,판매중,24,
컴퓨터/노트북/조립PC,데스크탑,조립PC,,89525522,"영웅컴퓨터 영웅 게이밍울트라 9757 R7 9700X RTX5070 (32GB, M.2 1TB)",영웅컴퓨터,2299870,2025.04.,판매중,24,
컴퓨터/노트북/조립PC,데스크탑,조립PC,,94087994,"모맨 겜덕피시 게이밍 i5-14400F RTX5060 (32GB, M.2 1TB)",모맨,2260000,2025.07.,판매중,24,
컴퓨터/노트북/조립PC,데스크탑,조립PC,,99554852,"MSI MAG Codex Z2 A5NVN R5-7500F RTX 5060 Ti 게이밍 (32GB, M.2 1TB)",MSI,2229000,2025.10.,판매중,24,
컴퓨터/노트북/조립PC,데스크탑,조립PC,,94260587,"STCOM STAI-V172 (32GB, M.2 1TB)",STCOM,1697640,2025.07.,판매중,24,
컴퓨터/노트북/조립PC,데스크탑,조립PC,,67509350,"STCOM STAI-V3 Win11 (16GB, M.2 512GB)",STCOM,1106380,2024.09.,판매중,24,
컴퓨터/노트북/조립PC,데스크탑,조립PC,,79252961,"STCOM STAI-V69 (16GB, M.2 512GB)",STCOM,892060,2025.04.,판매중,24,
컴퓨터/노트북/조립PC,데스크탑,조립PC,,79253708,"STCOM STAI-V9 Win11Home (16GB, M.2 512GB)",STCOM,1257720,2025.02.,판매중,24,
컴퓨터/노트북/조립PC,주변기기,마우스,,100697267,ATK Duckbill Ultra 유무선 (화이트),ATK,109000,2025.11.,판매중,24,
컴퓨터/노트북/조립PC,주변기기,마우스,,70255292,BenQ ZOWIE FK2-DW 무선,BenQ,248990,2024.10.,판매중,24,
컴퓨터/노트북/조립PC,주변기기,마우스,,97956851,CORSAIR 세이버 v2 PRO 초경량 무선 게이밍 (블랙),CORSAIR,125690,2025.09.,판매중,24,
컴퓨터/노트북/조립PC,주변기기,키보드,,93497630,ATK A9 ULTRA 유무선 브라보텍 (블랙),ATK,72200,2025.07.,판매중,7,마우스 / 유선+무선 / 5버튼 / 내장 배터리 / 42000DPI
컴퓨터/노트북/조립PC,주변기기,키보드,,91770953,ATK VXE R1 SE+ 유무선 브라보텍 (블랙),ATK,24350,2025.06.,판매중,8,마우스 / 유선+무선 / 5버튼 / 내장 배터리 / 18000DPI
컴퓨터/노트북/조립PC,주변기기,키보드,,77312216,AULA F108 유무선 기계식 올리비아 화이트 한글 (저소음 솜사탕축),AULA,82000,2025.03.,판매중,24,
컴퓨터/노트북/조립PC,주변기기,키보드,,70003601,AULA F108 유무선 기계식 스카이 블랙 한글 (저소음 바다축),AULA,80360,2024.10.,판매중,10,키보드 / 풀배열 / 유선+무선 / 기계식 / 108키
컴퓨터/노트북/조립PC,주변기기,키보드,,94026440,AULA F108 PRO 유무선 기계식 오로라 블랙 한글 (저소음 바다축),AULA,81880,2025.07.,판매중,7,키보드 / 풀배열 / 유선+무선 / 기계식 / 104키
컴퓨터/노트북/조립PC,주변기기,키보드,,94026476,AULA F108 PRO 유무선 기계식 치즈 화이트 한글 (저소음 바다축),AULA,89000,2025.07.,판매중,24,
컴퓨터/노트북/조립PC,주변기기,키보드,,63466976,AULA F87 Pro 기계식 다크 올리비아 한글 (저소음 바다축),AULA,44160,2024.08.,판매중,18,키보드 / 텐키리스 / 유선 / 기계식 / 87키
컴퓨터/노트북/조립PC,주변기기,키보드,,28481684,로지텍 G PRO X SUPERLIGHT 2 (정품) (블랙),로지텍,171570,2023.09.,판매중,23,마우스 / 유선+무선 / 5버튼 / 내장 배터리 / 32000DPI
컴퓨터/노트북/조립PC,주변기기,키보드,,13363190,앱코 K560 축교환 레인보우 무빙 LED 기계식 블랙 (적축),앱코,30900,2021.02.,판매중,24,
컴퓨터/노트북/조립PC,노트북/데스크탑,올인원PC,,98769212,"레노버 아이디어센터 AIO 27AKP10 F0JE000RKR (16GB, M.2 512GB)",레노버,869090,2025.09.,판매중,24,
컴퓨터/노트북/조립PC,노트북/데스크탑,올인원PC,,93501554,"레노버 아이디어센터 AIO 27IRH9 F0HM00MUKR Win11Home (8GB, M.2 512GB)",레노버,895000,2025.03.,판매중,24,
컴퓨터/노트북/조립PC,노트북/데스크탑,올인원PC,,92046473,"레노버 아이디어센터 AIO 27IRH9 F0HM00QKKR (8GB, M.2 512GB)",레노버,1194290,2025.03.,판매중,24,
컴퓨터/노트북/조립PC,노트북/데스크탑,올인원PC,,70153247,"APPLE 아이맥 M4 MWUC3KH/A (16GB, SSD 256GB)",APPLE,1850690,2024.12.,판매중,24,
컴퓨터/노트북/조립PC,노트북/데스크탑,올인원PC,,70153382,"APPLE 아이맥 M4 MWUU3KH/A (16GB, SSD 256GB)",APPLE,2129690,2024.12.,판매중,24,
컴퓨터/노트북/조립PC,노트북/데스크탑,올인원PC,,89865851,"ASUS A3-Series V400 AIO V470VAK-WPE142W (16GB, M.2 512GB)",ASUS,1199000,2025.05.,판매중,24,
컴퓨터/노트북/조립PC,노트북/데스크탑,올인원PC,,95926862,"ASUS ExpertCenter P440VAK-BPC0080 Win11Home (16GB, M.2 512GB)",ASUS,999000,2025.07.,판매중,24,
컴퓨터/노트북/조립PC,노트북/데스크탑,올인원PC,,93860306,"ASUS ExpertCenter P470VAK-BPE1350 (16GB, M.2 512GB)",ASUS,879000,2025.07.,판매중,24,
컴퓨터/노트북/조립PC,노트북/데스크탑,올인원PC,,93179402,"DELL 24 AIO DEC24250-WH01KR (16GB, M.2 1TB)",DELL,1198900,2025.06.,판매중,24,
컴퓨터/노트북/조립PC,노트북/데스크탑,올인원PC,,49998317,"DELL 인스피론 24 DNDT5430-WH01KR (8GB, M.2 512GB)",DELL,698990,2024.04.,판매중,24,
컴퓨터/노트북/조립PC,노트북/데스크탑,올인원PC,,74997275,"HP 24-cr0009KL MAX (16GB, M.2 512GB)",HP,1048000,2025.01.,판매중,24,
컴퓨터/노트북/조립PC,노트북/데스크탑,올인원PC,,74997302,"HP 24-cr0009KL Win11Home (8GB, M.2 256GB)",HP,891390,2025.01.,판매중,24,
컴퓨터/노트북/조립PC,노트북/데스크탑,올인원PC,,31427078,"HP 27-cr0004kr (8GB, M.2 512GB)",HP,863770,2023.12.,판매중,24,
컴퓨터/노트북/조립PC,노트북/데스크탑,올인원PC,,95425307,"HP 27-cr0010KL POWER (32GB, M.2 512GB)",HP,1198000,2025.08.,판매중,24,
컴퓨터/노트북/조립PC,노트북/데스크탑,올인원PC,,70678595,"HP 프로원 G10 AB4A6PT (8GB, M.2 256GB)",HP,591250,2024.11.,판매중,24,
컴퓨터/노트북/조립PC,노트북/데스크탑,올인원PC,,45996671,"HP 엔비 Move 24-cs0002kr (8GB, M.2 512GB)",HP,798990,2024.04.,판매중,24,
컴퓨터/노트북/조립PC,노트북/데스크탑,올인원PC,,75993194,"HP 옴니스튜디오X 32-c1001KR (32GB, M.2 1TB)",HP,2289880,2025.02.,판매중,24,
컴퓨터/노트북/조립PC,노트북/데스크탑,올인원PC,,75600128,"LG전자 24V70T-GA56K (16GB, M.2 512GB)",LG전자,1398750,2025.01.,판매중,24,
컴퓨터/노트북/조립PC,노트북/데스크탑,올인원PC,,17332517,"LG전자 27V70Q-GA70K (8GB, M.2 256GB)",LG전자,1330000,2022.06.,판매중,24,
컴퓨터/노트북/조립PC,노트북/데스크탑,올인원PC,,74819225,"LG전자 27V70T-GR50K (8GB, M.2 256GB)",LG전자,1287020,2025.01.,판매중,24,
컴퓨터/노트북/조립PC,노트북/데스크탑,올인원PC,,71160455,"레노버 올인원PC A100 24 F0J6000HKR (8GB, M.2 256GB)",레노버,518890,2024.11.,판매중,24,
컴퓨터/노트북/조립PC,노트북/데스크탑,올인원PC,,70872557,"레노버 올인원PC A100 24 F0J6000JKR (8GB, M.2 256GB)",레노버,398990,2024.11.,판매중,24,
컴퓨터/노트북/조립PC,노트북/데스크탑,올인원PC,,49164068,"삼성전자 올인원 PRO DM970AGA-L51AR (32GB, M.2 512GB)",삼성전자,2000000,2024.04.,판매중,24,
컴퓨터/노트북/조립PC,노트북/데스크탑,올인원PC,,47489273,"삼성전자 올인원 PRO DM970AGA-L71A (16GB, M.2 512GB)",삼성전자,1899000,2024.04.,판매중,24,
컴퓨터/노트북/조립PC,노트북/데스크탑,올인원PC,,91041746,"삼성전자 올인원 PRO DM970AGA-L71AG (16GB, M.2 512GB)",삼성전자,1898990,2024.04.,판매중,24,
컴퓨터/노트북/조립PC,노트북/데스크탑,올인원PC,,49164173,"삼성전자 올인원 PRO DM970AGA-L71AR (32GB, M.2 1TB)",삼성전자,2350000,2024.04.,판매중,24,
컴퓨터/노트북/조립PC,PC부품,메인보드,,95988710,ASUS TUF Gaming B850M-PLUS WIFI7 STCOM,ASUS,268130,2025.08.,판매중,24,
컴퓨터/노트북/조립PC,PC부품,메인보드,,21727307,GIGABYTE B650M K 피씨디렉트,GIGABYTE,118970,2023.07.,판매중,24,
컴퓨터/노트북/조립PC,PC부품,메인보드,,73892423,GIGABYTE B850M AORUS ELITE WIFI6E ICE 제이씨현,GIGABYTE,241510,2025.01.,판매중,24,
컴퓨터/노트북/조립PC,PC부품,그래픽카드,,90956033,MSI 지포스 RTX 5060 벤투스 2X OC D7 8GB,MSI,497990,2025.05.,판매중,24,
컴퓨터/노트북/조립PC,PC부품,그래픽카드,,90887879,PALIT 지포스 RTX 5060 DUAL OC D7 8GB 이엠텍,PALIT,494130,2025.05.,판매중,24,
컴퓨터/노트북/조립PC,PC부품,그래픽카드,,81037490,PALIT 지포스 RTX 5060 Ti INFINITY 3 D7 16GB 이엠텍,PALIT,712570,2025.04.,판매중,24,
컴퓨터/노트북/조립PC,PC부품,CPU,,21694499,AMD 라이젠5-5세대 7500F (라파엘) (멀티팩 정품),AMD,232750,2023.07.,판매중,24,
컴퓨터/노트북/조립PC,PC부품,CPU,,19627934,AMD 라이젠7-5세대 7800X3D (라파엘) (멀티팩 정품),AMD,482770,2023.04.,판매중,24,
컴퓨터/노트북/조립PC,PC부품,CPU,,70531547,AMD 라이젠7-6세대 9800X3D (그래니트 릿지) (멀티팩 정품),AMD,651990,2024.11.,판매중,24,
컴퓨터/노트북/조립PC,PC부품,RAM,,18911780,삼성전자 DDR5-5600 (16GB),삼성전자,379000,2023.02.,판매중,24,
컴퓨터/노트북/조립PC,PC부품,RAM,,18965774,ESSENCORE KLEVV DDR5-5600 CL46 파인인포 (16GB),ESSENCORE,334330,2023.02.,판매중,24,
컴퓨터/노트북/조립PC,PC부품,RAM,,21695174,GeIL DDR5-5600 CL46 PRISTINE V (16GB),GeIL,356990,2023.07.,판매중,24,
컴퓨터/노트북/조립PC,PC부품,SSD,,69869543,삼성전자 990 EVO Plus M.2 NVMe (1TB),삼성전자,258570,2024.10.,판매중,24,
컴퓨터/노트북/조립PC,PC부품,SSD,,18297002,삼성전자 990 PRO M.2 NVMe (1TB),삼성전자,328990,2022.11.,판매중,24,
컴퓨터/노트북/조립PC,PC부품,SSD,,17788487,Western Digital WD BLACK SN850X M.2 NVMe (1TB),WD,389990,2022.09.,판매중,24,
